{
    "skinWeights":[],
    "influencesPerVertex":2,
    "metadata":{
        "uvs":1,
        "type":"Geometry",
        "materials":1,
        "vertices":104,
        "normals":114,
        "faces":114,
        "version":3,
        "generator":"io_three"
    },
    "uvs":[[0.994757,0,0.994757,0.020029,0,0.020029,0,0,0.994757,0.040059,0,0.040059,0.994757,0.060088,0,0.060088,0.994757,0.939912,0,0.939912,0.994757,0.959941,0,0.959941,0.994757,0.979971,0,0.979971,0.994757,1,0,1,0.996504,0.020029,0.99563,0,0.996504,0.040059,0.996504,0.060088,0.996504,0.939912,0.996504,0.959941,0.996504,0.979971,0.99563,1,0.998252,0.020029,0.997378,0,0.998252,0.040059,0.998252,0.060088,0.998252,0.939912,0.998252,0.959941,0.998252,0.979971,0.997378,1,1,0.020029,0.999126,0,1,0.040059,1,0.060088,1,0.939912,1,0.959941,1,0.979971,0.999126,1,0.964832,0,0.964832,0.020029,0.964832,0.040059,0.964832,0.060088,0.964832,0.939912,0.964832,0.959941,0.964832,0.979971,0.964832,1,0.976554,0.020029,0.970693,0,0.976554,0.040059,0.976554,0.060088,0.976554,0.939912,0.976554,0.959941,0.976554,0.979971,0.970693,1,0.988277,0.020029,0.982416,0,0.988277,0.040059,0.988277,0.060088,0.988277,0.939912,0.988277,0.959941,0.988277,0.979971,0.982416,1,0.994139,0,0.994139,1,1,0,1,1]],
    "skinIndices":[],
    "materials":[{
        "DbgColor":15658734,
        "doubleSided":false,
        "DbgIndex":0,
        "colorDiffuse":[0.64,0.64,0.64],
        "colorSpecular":[0.5,0.5,0.5],
        "transparent":false,
        "shading":"phong",
        "depthTest":true,
        "specularCoef":50,
        "opacity":1,
        "blending":"NormalBlending",
        "DbgName":"Mat_1",
        "colorEmissive":[0,0,0],
        "wireframe":false,
        "visible":true,
        "depthWrite":true
    }],
    "vertices":[1.49,2.26847,-6.78453,1.49,2.26981,-6.77953,-1.49,2.26981,-6.77953,-1.49,2.26847,-6.78453,1.49,2.27347,-6.77587,-1.49,2.27347,-6.77587,1.49,2.27847,-6.77453,-1.49,2.27847,-6.77453,1.49,2.50847,-6.77453,-1.49,2.50847,-6.77453,1.49,2.51347,-6.77587,-1.49,2.51347,-6.77587,1.49,2.51713,-6.77953,-1.49,2.51713,-6.77953,1.49,2.51847,-6.78453,-1.49,2.51847,-6.78453,1.4925,2.26981,-6.7802,1.49433,2.27347,-6.77703,1.495,2.27847,-6.77587,1.495,2.50847,-6.77587,1.49433,2.51347,-6.77703,1.4925,2.51713,-6.7802,1.49433,2.26981,-6.78203,1.4975,2.27347,-6.7802,1.49866,2.27847,-6.77953,1.49866,2.50847,-6.77953,1.4975,2.51347,-6.7802,1.49433,2.51713,-6.78203,1.495,2.26981,-6.78453,1.49866,2.27347,-6.78453,1.5,2.27847,-6.78453,1.5,2.50847,-6.78453,1.49866,2.51347,-6.78453,1.495,2.51713,-6.78453,1.49,2.26847,-7.21547,1.495,2.26981,-7.21547,1.49866,2.27347,-7.21547,1.5,2.27847,-7.21547,1.5,2.50847,-7.21547,1.49866,2.51347,-7.21547,1.495,2.51713,-7.21547,1.49,2.51847,-7.21547,1.49433,2.26981,-7.21797,1.4975,2.27347,-7.2198,1.49866,2.27847,-7.22047,1.49866,2.50847,-7.22047,1.4975,2.51347,-7.2198,1.49433,2.51713,-7.21797,1.4925,2.26981,-7.2198,1.49433,2.27347,-7.22297,1.495,2.27847,-7.22413,1.495,2.50847,-7.22413,1.49433,2.51347,-7.22297,1.4925,2.51713,-7.2198,1.49,2.26981,-7.22047,1.49,2.27347,-7.22413,1.49,2.27847,-7.22547,1.49,2.50847,-7.22547,1.49,2.51347,-7.22413,1.49,2.51713,-7.22047,-1.49,2.26847,-7.21547,-1.49,2.26981,-7.22047,-1.49,2.27347,-7.22413,-1.49,2.27847,-7.22547,-1.49,2.50847,-7.22547,-1.49,2.51347,-7.22413,-1.49,2.51713,-7.22047,-1.49,2.51847,-7.21547,-1.4925,2.26981,-7.2198,-1.49433,2.27347,-7.22297,-1.495,2.27847,-7.22413,-1.495,2.50847,-7.22413,-1.49433,2.51347,-7.22297,-1.4925,2.51713,-7.2198,-1.49433,2.26981,-7.21797,-1.4975,2.27347,-7.2198,-1.49866,2.27847,-7.22047,-1.49866,2.50847,-7.22047,-1.4975,2.51347,-7.2198,-1.49433,2.51713,-7.21797,-1.495,2.26981,-7.21547,-1.49866,2.27347,-7.21547,-1.5,2.27847,-7.21547,-1.5,2.50847,-7.21547,-1.49866,2.51347,-7.21547,-1.495,2.51713,-7.21547,-1.495,2.26981,-6.78453,-1.49866,2.27347,-6.78453,-1.5,2.27847,-6.78453,-1.5,2.50847,-6.78453,-1.49866,2.51347,-6.78453,-1.495,2.51713,-6.78453,-1.49433,2.26981,-6.78203,-1.4975,2.27347,-6.7802,-1.49866,2.27847,-6.77953,-1.49866,2.50847,-6.77953,-1.4975,2.51347,-6.7802,-1.49433,2.51713,-6.78203,-1.4925,2.26981,-6.7802,-1.49433,2.27347,-6.77703,-1.495,2.27847,-6.77587,-1.495,2.50847,-6.77587,-1.49433,2.51347,-6.77703,-1.4925,2.51713,-6.7802],
    "normals":[0,-0.965919,0.258844,0,-0.707199,0.707015,0,-0.258683,0.965962,-0,0,1,0,0.258683,0.965962,0,0.707199,0.707015,0,0.965919,0.258844,0.069201,-0.963604,0.258223,0.186235,-0.694803,0.69467,0.25057,-0.250576,0.935108,0.258677,0,0.965964,0.25057,0.250576,0.935108,0.186235,0.694803,0.69467,0.069201,0.963604,0.258223,0.189037,-0.963602,0.189037,0.50859,-0.694756,0.508578,0.684606,-0.250619,0.684474,0.707222,0,0.706992,0.684606,0.250619,0.684474,0.50859,0.694756,0.508578,0.189037,0.963602,0.189037,0.258229,-0.963602,0.0691992,0.694759,-0.694738,0.186143,0.935109,-0.250576,0.250564,0.965914,0,0.258865,0.935109,0.250576,0.250564,0.694759,0.694738,0.186143,0.258229,0.963602,0.0691992,0.258849,-0.965918,-5.34407e-07,0.70713,-0.707084,-3.9122e-07,0.96591,-0.258877,-1.43211e-07,1,0,0,0.96591,0.258877,1.43211e-07,0.70713,0.707084,3.9122e-07,0.258849,0.965918,5.34407e-07,0.258229,-0.963602,-0.0691992,0.694759,-0.694738,-0.186143,0.935109,-0.250576,-0.250564,0.965914,0,-0.258865,0.935109,0.250576,-0.250564,0.694759,0.694738,-0.186143,0.258229,0.963602,-0.0691992,0.189037,-0.963602,-0.189037,0.50859,-0.694756,-0.508578,0.684606,-0.250619,-0.684474,0.707222,0,-0.706992,0.684606,0.250619,-0.684474,0.50859,0.694756,-0.508578,0.189037,0.963602,-0.189037,0.069201,-0.963604,-0.258223,0.186235,-0.694803,-0.69467,0.25057,-0.250576,-0.935108,0.258677,0,-0.965964,0.25057,0.250576,-0.935108,0.186235,0.694803,-0.69467,0.069201,0.963604,-0.258223,0,-0.965919,-0.258844,0,-0.707199,-0.707015,0,-0.258683,-0.965962,-0,0,-1,0,0.258683,-0.965962,0,0.707199,-0.707015,0,0.965919,-0.258844,-0.069201,-0.963604,-0.258223,-0.186235,-0.694803,-0.69467,-0.25057,-0.250576,-0.935108,-0.258677,0,-0.965964,-0.25057,0.250576,-0.935108,-0.186235,0.694803,-0.69467,-0.069201,0.963604,-0.258223,-0.189037,-0.963602,-0.189037,-0.50859,-0.694756,-0.508578,-0.684606,-0.250619,-0.684474,-0.707222,0,-0.706992,-0.684606,0.250619,-0.684474,-0.50859,0.694756,-0.508578,-0.189037,0.963602,-0.189037,-0.258229,-0.963602,-0.0691992,-0.694759,-0.694738,-0.186143,-0.935109,-0.250576,-0.250564,-0.965914,0,-0.258865,-0.935109,0.250576,-0.250564,-0.694759,0.694738,-0.186143,-0.258229,0.963602,-0.0691992,-0.258849,-0.965918,-5.34407e-07,-0.70713,-0.707084,-3.9122e-07,-0.96591,-0.258877,-1.43211e-07,-1,0,0,-0.96591,0.258877,1.43211e-07,-0.70713,0.707084,3.9122e-07,-0.258849,0.965918,5.34407e-07,-0.258229,-0.963602,0.0691992,-0.694759,-0.694738,0.186143,-0.935109,-0.250576,0.250564,-0.965914,0,0.258865,-0.935109,0.250576,0.250564,-0.694759,0.694738,0.186143,-0.258229,0.963602,0.0691992,-0.189037,-0.963602,0.189037,-0.50859,-0.694756,0.508578,-0.684606,-0.250619,0.684474,-0.707222,0,0.706992,-0.684606,0.250619,0.684474,-0.50859,0.694756,0.508578,-0.189037,0.963602,0.189037,-0.069201,-0.963604,0.258223,-0.186235,-0.694803,0.69467,-0.25057,-0.250576,0.935108,-0.258677,0,0.965964,-0.25057,0.250576,0.935108,-0.186235,0.694803,0.69467,-0.069201,0.963604,0.258223,0,1,5.5325e-07,0,-1,-5.5325e-07],